CustomerID,Age,Gender,Occupation,MonthlyIncome,Region,Branch,FCYAccount,ETBAccount,MobileBanking,InternetBanking,RemittanceCount,TotalRemittanceUSD,AverageTransactionUSD,FCYPurchaseUSD,LastTransactionDays,ExistingProducts,LeadStatus
100001,59,Female,Business Owner,71321,Addis Ababa,Adama,Yes,Yes,Yes,No,5,5145,857.5,2167,166,2,0
100002,49,Male,Merchant,144028,Amhara,CMC,No,Yes,No,No,8,8416,935.11,1779,150,5,0
100003,35,Female,Teacher,86131,Addis Ababa,Bole,No,Yes,Yes,No,5,5925,987.5,2163,363,2,0
100004,63,Female,Merchant,37963,Tigray,Megenagna,Yes,Yes,No,Yes,5,3815,635.83,1569,343,3,0
100005,28,Male,Private Employee,113757,Amhara,CMC,No,Yes,No,No,3,3033,758.25,1615,68,3,0
100006,41,Male,Private Employee,111259,Harari,Hawassa,Yes,Yes,No,Yes,6,6162,880.29,2023,221,1,0
100007,59,Female,Private Employee,51063,Sidama,Piassa,Yes,Yes,Yes,No,9,9144,914.4,7817,271,3,0
100008,39,Male,Business Owner,126225,Tigray,CMC,No,Yes,No,No,9,6435,643.5,4689,321,2,0
100009,43,Male,Business Owner,128400,Dire Dawa,Mexico,No,Yes,Yes,Yes,6,3090,441.43,815,310,1,0
100010,31,Female,Doctor,92818,Harari,Mexico,No,Yes,Yes,No,6,2274,324.86,1563,349,3,0
100011,31,Female,Private Employee,16703,Sidama,Piassa,No,Yes,No,No,4,4312,862.4,2976,20,3,0
100012,44,Female,Business Owner,84099,Oromia,Bole,No,Yes,Yes,No,5,3895,649.17,3572,289,5,0
100013,56,Female,Farmer,168921,SNNPR,Megenagna,Yes,No,Yes,Yes,6,7140,1020.0,1444,100,1,0
100014,60,Female,Business Owner,174932,Tigray,CMC,Yes,Yes,No,Yes,4,3384,676.8,1306,252,5,0
100015,44,Female,Teacher,43585,Oromia,Mexico,No,Yes,Yes,Yes,4,4400,880.0,3941,77,5,0
100016,23,Female,Merchant,165087,Tigray,Bole,No,Yes,Yes,Yes,7,2219,277.38,1995,135,5,0
100017,42,Female,Private Employee,55585,Dire Dawa,Piassa,Yes,Yes,No,Yes,3,1392,348.0,1030,173,4,0
100018,22,Male,Engineer,38958,Tigray,Bahir Dar,Yes,Yes,Yes,No,9,7416,741.6,5742,363,5,0
100019,44,Male,Merchant,38017,Oromia,Adama,No,Yes,No,Yes,1,501,250.5,134,201,2,0
100020,64,Female,Merchant,136677,Dire Dawa,Bahir Dar,No,Yes,Yes,No,9,9360,936.0,5479,217,3,1
100021,50,Female,Business Owner,155273,Amhara,Bahir Dar,Yes,Yes,Yes,No,11,7095,591.25,2651,208,4,0
100022,58,Female,Business Owner,41426,Addis Ababa,Mexico,No,Yes,Yes,No,5,3325,554.17,1116,74,5,0
100023,22,Female,Engineer,29778,Sidama,Hawassa,No,Yes,Yes,Yes,4,2988,597.6,2413,11,3,0
100024,41,Female,Government Employee,54229,Tigray,Hawassa,Yes,Yes,Yes,No,6,4872,696.0,1467,287,1,0
100025,53,Male,Private Employee,98652,Sidama,Piassa,Yes,Yes,No,No,6,3708,529.71,2044,256,1,0
100026,32,Male,Government Employee,140267,SNNPR,CMC,No,No,Yes,Yes,7,3612,451.5,3265,12,3,0
100027,42,Male,Engineer,138503,Oromia,Hawassa,No,Yes,Yes,Yes,10,3330,302.73,1130,78,2,0
100028,64,Male,Private Employee,96878,Sidama,Bahir Dar,Yes,Yes,Yes,No,6,7020,1002.86,6553,172,3,0
100029,45,Male,Teacher,69056,Oromia,Hawassa,No,Yes,Yes,Yes,8,4520,502.22,4274,96,3,1
100030,69,Female,Merchant,170562,Sidama,Bahir Dar,No,Yes,Yes,Yes,7,6573,821.62,4053,306,4,0
100031,47,Male,Doctor,31975,Addis Ababa,Megenagna,No,Yes,Yes,Yes,9,9207,920.7,3016,273,1,1
100032,62,Female,Student,169795,Addis Ababa,Mexico,No,Yes,Yes,Yes,4,4296,859.2,1877,179,1,0
100033,48,Male,Teacher,166351,Dire Dawa,Mexico,No,Yes,Yes,No,5,5615,935.83,2910,64,5,0
100034,36,Female,Teacher,154633,Addis Ababa,CMC,No,No,Yes,Yes,5,1895,315.83,818,132,3,0
100035,35,Male,Business Owner,100397,Dire Dawa,Hawassa,No,Yes,Yes,No,6,5856,836.57,2403,343,3,0
100036,67,Male,Merchant,45142,Addis Ababa,Hawassa,No,Yes,Yes,No,3,2136,534.0,1984,272,2,0
100037,64,Male,Private Employee,38916,Addis Ababa,Adama,No,Yes,Yes,No,3,1653,413.25,520,319,1,0
100038,23,Female,Private Employee,76324,Addis Ababa,Bole,No,Yes,No,No,6,1866,266.57,1399,332,2,0
100039,57,Male,Merchant,137932,Oromia,Megenagna,Yes,Yes,Yes,No,7,4900,612.5,981,341,4,0
100040,27,Female,Merchant,147720,Tigray,Mexico,No,Yes,No,Yes,6,6690,955.71,4329,109,5,0
100041,41,Male,Private Employee,178205,Dire Dawa,Megenagna,No,Yes,Yes,No,8,8184,909.33,7258,273,2,1
100042,29,Male,Merchant,108059,Sidama,Mexico,Yes,Yes,Yes,No,7,4067,508.38,1691,168,1,0
100043,59,Female,Teacher,110317,Addis Ababa,Megenagna,No,Yes,No,No,8,3288,365.33,1115,180,4,0
100044,38,Male,Merchant,47046,Oromia,Piassa,No,Yes,Yes,No,4,4088,817.6,2815,58,3,0
100045,24,Male,Engineer,113459,Oromia,Bahir Dar,Yes,Yes,No,Yes,1,677,338.5,497,79,4,0
100046,45,Male,Doctor,57893,Oromia,Mexico,No,Yes,Yes,Yes,3,3150,787.5,2255,61,2,0
100047,34,Male,Student,113520,Dire Dawa,Megenagna,Yes,Yes,Yes,No,7,3969,496.12,1744,121,1,0
100048,29,Female,Merchant,137818,Tigray,Hawassa,Yes,No,Yes,Yes,6,3582,511.71,1393,207,2,0
100049,46,Male,Doctor,73272,Dire Dawa,Bole,No,No,Yes,No,7,4312,539.0,3953,34,3,0
100050,22,Male,Student,79649,Sidama,Piassa,Yes,Yes,Yes,Yes,3,2607,651.75,2326,70,3,0
100051,40,Male,NGO Employee,76674,Tigray,Piassa,No,Yes,Yes,Yes,10,8080,734.55,4387,17,1,1
100052,48,Female,Government Employee,156832,Amhara,Bole,No,Yes,Yes,Yes,11,9295,774.58,7758,20,5,1
100053,67,Male,Business Owner,164999,Harari,Megenagna,No,Yes,Yes,Yes,5,5370,895.0,2895,315,4,0
100054,27,Male,Private Employee,98475,Oromia,Hawassa,No,Yes,Yes,No,4,2656,531.2,1376,69,4,0
100055,64,Female,Government Employee,73367,Dire Dawa,CMC,Yes,Yes,Yes,Yes,2,1692,564.0,537,215,3,0
100056,28,Female,Farmer,155660,Amhara,Bole,No,Yes,No,No,10,5700,518.18,2962,161,2,0
100057,67,Male,Engineer,133750,SNNPR,Megenagna,Yes,No,Yes,No,7,5411,676.38,3263,102,2,0
100058,55,Male,Teacher,130154,Dire Dawa,Bole,No,Yes,No,Yes,15,15570,973.12,3376,206,5,0
100059,34,Male,Government Employee,56738,Addis Ababa,Bole,No,Yes,No,No,5,4180,696.67,2228,145,2,0
100060,37,Male,Teacher,45397,Harari,Mexico,Yes,Yes,Yes,No,11,5863,488.58,4608,57,4,0
100061,56,Male,Farmer,94189,Addis Ababa,Megenagna,No,Yes,Yes,No,4,1432,286.4,1016,83,2,0
100062,60,Male,Engineer,88367,Tigray,CMC,No,Yes,Yes,Yes,3,1650,412.5,1116,269,5,0
100063,24,Male,NGO Employee,132585,Harari,Bahir Dar,No,Yes,Yes,No,7,8022,1002.75,7076,187,4,0
100064,22,Male,Farmer,88619,Dire Dawa,Mexico,No,Yes,Yes,No,6,2310,330.0,493,6,2,0
100065,26,Female,Private Employee,123453,Sidama,Bole,Yes,Yes,Yes,Yes,6,6372,910.29,3936,353,4,0
100066,62,Female,Teacher,31816,Amhara,Bahir Dar,No,Yes,Yes,Yes,7,4823,602.88,3812,350,3,0
100067,24,Male,Business Owner,149348,Sidama,Adama,Yes,Yes,Yes,No,9,4311,431.1,2612,110,3,0
100068,49,Female,Government Employee,91530,Dire Dawa,Bahir Dar,No,Yes,Yes,Yes,8,8144,904.89,3607,138,3,1
100069,38,Female,Teacher,166571,Tigray,Bole,No,Yes,Yes,No,9,10395,1039.5,3141,51,2,1
100070,46,Male,Private Employee,120856,Addis Ababa,Bole,No,Yes,Yes,Yes,5,2240,373.33,1939,51,5,0
100071,64,Male,Doctor,83635,Harari,Hawassa,No,Yes,No,No,10,8820,801.82,4878,87,4,0
100072,54,Male,Business Owner,119803,Sidama,Megenagna,Yes,Yes,Yes,No,6,2520,360.0,2163,68,1,0
100073,30,Male,Teacher,47946,Dire Dawa,Megenagna,No,Yes,Yes,Yes,6,6384,912.0,4081,84,3,0
100074,56,Female,Private Employee,67204,Sidama,Mexico,No,Yes,Yes,Yes,12,10848,834.46,7654,42,3,1
100075,34,Male,Student,27563,Dire Dawa,CMC,Yes,Yes,Yes,No,2,1110,370.0,891,219,1,0
100076,51,Male,Doctor,104324,Addis Ababa,Mexico,No,Yes,Yes,No,5,5325,887.5,3697,57,1,0
100077,68,Female,Government Employee,21847,Harari,Piassa,Yes,Yes,Yes,No,6,6978,996.86,3478,226,2,0
100078,35,Female,Merchant,38155,Amhara,Bole,No,No,Yes,Yes,14,15386,1025.73,9004,196,4,1
100079,28,Male,Student,91671,Addis Ababa,Bahir Dar,No,No,Yes,Yes,7,4256,532.0,3414,248,3,0
100080,34,Female,Business Owner,128891,Sidama,Adama,No,Yes,Yes,Yes,11,3938,328.17,1891,166,5,0
100081,43,Female,Private Employee,95310,Amhara,Bole,Yes,Yes,Yes,No,17,6256,347.56,3072,62,2,0
100082,60,Female,Business Owner,161381,Dire Dawa,Bole,No,Yes,Yes,Yes,11,8195,682.92,2227,263,2,1
100083,41,Male,Merchant,143691,Amhara,Mexico,No,Yes,No,Yes,6,4122,588.86,3651,112,5,0
100084,36,Female,Engineer,46707,Dire Dawa,Adama,No,Yes,No,No,7,2695,336.88,723,253,5,0
100085,65,Male,Farmer,163409,Addis Ababa,Adama,No,Yes,Yes,No,7,7595,949.38,5211,199,5,0
100086,38,Female,Business Owner,93537,Sidama,Adama,No,Yes,No,Yes,6,3156,450.86,1609,178,1,0
100087,67,Female,Private Employee,103155,Tigray,Mexico,No,Yes,Yes,Yes,7,6244,780.5,3148,26,3,0
100088,44,Female,Farmer,12281,Sidama,Bole,No,Yes,Yes,No,6,5550,792.86,3938,246,1,0
100089,46,Female,Business Owner,170492,Dire Dawa,Mexico,No,Yes,Yes,No,7,3381,422.62,846,19,3,0
100090,45,Female,Government Employee,144130,Oromia,Megenagna,No,No,Yes,Yes,12,13092,1007.08,8447,265,1,1
100091,65,Female,NGO Employee,88260,Harari,Megenagna,No,Yes,Yes,No,3,1863,465.75,1451,317,4,0
100092,61,Male,Farmer,171476,SNNPR,Mexico,No,Yes,Yes,No,7,4319,539.88,3546,20,3,0
100093,49,Male,Farmer,172928,Tigray,Adama,No,Yes,Yes,Yes,3,2595,648.75,850,106,2,0
100094,35,Male,Teacher,152272,Amhara,Hawassa,Yes,Yes,No,Yes,8,5584,620.44,4875,237,3,0
100095,65,Female,Merchant,76178,Tigray,Bole,Yes,Yes,No,No,6,6048,864.0,4185,306,3,0
100096,21,Male,Doctor,45997,Harari,Mexico,Yes,Yes,Yes,No,10,11980,1089.09,10319,246,3,0
100097,45,Male,Business Owner,168683,Amhara,Mexico,Yes,No,Yes,Yes,7,4144,518.0,2337,81,4,0
100098,27,Male,Government Employee,131273,Harari,Mexico,No,Yes,Yes,No,6,3552,507.43,2154,150,1,0
100099,29,Male,Business Owner,178129,Amhara,Hawassa,No,Yes,Yes,No,7,5488,686.0,4880,10,2,0
100100,44,Female,Business Owner,144311,Tigray,Hawassa,No,Yes,Yes,Yes,10,11980,1089.09,10481,321,1,1
100101,21,Female,Engineer,138945,Amhara,Piassa,No,Yes,Yes,No,7,5222,652.75,2799,224,1,0
100102,64,Male,Government Employee,57272,Amhara,Megenagna,No,No,Yes,No,6,6612,944.57,2683,264,5,0
100103,28,Female,Government Employee,101393,Oromia,Bahir Dar,No,Yes,No,Yes,4,3964,792.8,1961,149,4,0
100104,44,Male,Private Employee,73212,Sidama,Adama,No,Yes,Yes,Yes,6,7146,1020.86,3507,278,5,0
100105,31,Male,Private Employee,158470,Sidama,CMC,No,Yes,Yes,Yes,7,4977,622.12,2066,274,4,0
100106,37,Female,Engineer,132030,SNNPR,Hawassa,No,Yes,Yes,No,8,6456,717.33,2591,194,1,1
100107,28,Male,Private Employee,68503,SNNPR,Bahir Dar,Yes,Yes,Yes,No,3,3099,774.75,2621,172,1,0
100108,55,Male,Farmer,149710,Dire Dawa,Hawassa,No,Yes,Yes,Yes,8,8680,964.44,2190,265,4,1
100109,55,Female,Business Owner,18570,Dire Dawa,Adama,No,Yes,Yes,No,9,10701,1070.1,7578,310,1,1
100110,53,Male,Merchant,80785,Dire Dawa,CMC,No,Yes,Yes,No,7,3801,475.12,1252,26,1,0
100111,25,Male,Teacher,21110,Oromia,Piassa,Yes,Yes,No,No,11,7909,659.08,3625,350,2,0
100112,62,Male,Business Owner,91141,SNNPR,Mexico,No,Yes,Yes,Yes,7,3171,396.38,780,356,5,0
100113,59,Male,Doctor,24115,Harari,Piassa,No,Yes,Yes,Yes,3,3345,836.25,1346,26,5,0
100114,61,Male,Business Owner,51062,Dire Dawa,Hawassa,Yes,Yes,Yes,Yes,4,2892,578.4,2245,34,5,0
100115,48,Male,Private Employee,34911,Dire Dawa,Piassa,No,Yes,No,No,8,4576,508.44,3952,264,3,0
100116,27,Female,Student,116061,Tigray,Bahir Dar,No,Yes,Yes,Yes,6,5676,810.86,2078,138,2,0
100117,29,Female,Private Employee,44556,Addis Ababa,Bole,No,Yes,No,No,8,8992,999.11,4924,304,5,0
100118,28,Female,Government Employee,140335,Harari,Hawassa,Yes,Yes,No,Yes,8,6552,728.0,3621,183,5,0
100119,32,Female,Doctor,13969,Dire Dawa,Hawassa,No,Yes,Yes,Yes,10,4270,388.18,3651,363,2,1
100120,54,Female,Government Employee,55753,Dire Dawa,Bahir Dar,No,Yes,No,No,4,2688,537.6,2075,242,1,0
100121,53,Male,Teacher,147542,Dire Dawa,Megenagna,No,Yes,No,No,8,6936,770.67,4056,54,5,0
100122,68,Male,Business Owner,133863,Addis Ababa,CMC,Yes,Yes,No,Yes,7,6559,819.88,4611,168,1,0
100123,43,Male,NGO Employee,22225,Addis Ababa,Mexico,No,Yes,Yes,Yes,6,2748,392.57,2295,119,5,0
100124,44,Male,Engineer,135008,Oromia,Bahir Dar,No,Yes,Yes,No,9,7830,783.0,1622,143,4,1
100125,57,Male,Merchant,166268,Harari,CMC,No,Yes,Yes,Yes,6,5214,744.86,2618,81,3,0
100126,55,Male,NGO Employee,117823,Oromia,Adama,No,Yes,Yes,Yes,8,7608,845.33,6698,245,5,1
100127,64,Female,Business Owner,25669,Amhara,CMC,Yes,Yes,Yes,No,5,2375,395.83,1793,352,4,0
100128,60,Female,Student,136398,Addis Ababa,Adama,No,Yes,Yes,Yes,9,8271,827.1,5021,358,2,1
100129,42,Male,Government Employee,122677,Tigray,Bahir Dar,Yes,Yes,No,No,11,5610,467.5,3350,62,4,0
100130,47,Male,Business Owner,60320,SNNPR,Hawassa,No,Yes,No,Yes,4,2984,596.8,1375,46,2,0
100131,55,Male,Private Employee,158649,Tigray,Hawassa,Yes,Yes,Yes,Yes,8,7080,786.67,4179,87,5,0
100132,21,Female,Merchant,137354,SNNPR,Megenagna,No,Yes,No,Yes,4,1864,372.8,1289,99,2,0
100133,55,Female,Government Employee,100009,Addis Ababa,Bahir Dar,No,Yes,No,Yes,3,2277,569.25,1169,295,4,0
100134,57,Male,Teacher,40625,Addis Ababa,Adama,No,Yes,Yes,Yes,4,2624,524.8,1930,53,3,0
100135,67,Female,Teacher,36089,Addis Ababa,CMC,Yes,Yes,Yes,Yes,7,4221,527.62,3570,192,1,0
100136,34,Male,Student,48487,Oromia,CMC,No,Yes,Yes,No,2,1064,354.67,336,80,1,0
100137,23,Male,Government Employee,122448,Harari,Adama,Yes,Yes,Yes,Yes,8,5008,556.44,2697,16,3,0
100138,21,Male,Farmer,62138,SNNPR,Piassa,No,Yes,Yes,Yes,9,10647,1064.7,5387,360,1,1
100139,25,Male,Business Owner,66061,Harari,Megenagna,No,Yes,Yes,No,12,5772,444.0,4130,326,5,1
100140,46,Female,Private Employee,173731,Oromia,Bole,No,Yes,Yes,No,3,2799,699.75,1084,194,5,0
100141,34,Female,Private Employee,113376,Oromia,Hawassa,No,Yes,Yes,Yes,13,8229,587.79,5597,141,4,1
100142,59,Male,Business Owner,174962,Sidama,Mexico,No,Yes,No,No,7,7098,887.25,6090,108,4,0
100143,47,Female,Engineer,91134,Tigray,CMC,Yes,Yes,Yes,Yes,3,984,246.0,505,303,2,0
100144,29,Female,Merchant,59055,Tigray,Mexico,No,Yes,No,Yes,3,3039,759.75,2684,265,4,0
100145,35,Female,Business Owner,31508,Amhara,Bole,No,Yes,No,No,4,1568,313.6,1481,290,5,0
100146,35,Male,Government Employee,170056,Dire Dawa,Bahir Dar,No,Yes,No,No,4,4560,912.0,1274,209,4,0
100147,46,Male,Government Employee,122169,Oromia,Mexico,Yes,Yes,No,Yes,5,5835,972.5,2186,165,1,0
100148,62,Male,Government Employee,20125,SNNPR,Bole,No,Yes,No,Yes,5,4935,822.5,4504,342,2,0
100149,33,Male,Student,48059,Sidama,Hawassa,No,Yes,Yes,No,7,4403,550.38,4045,320,2,0
100150,52,Male,Government Employee,115409,Sidama,Adama,No,Yes,Yes,Yes,8,8176,908.44,2234,152,5,1
100151,59,Female,Government Employee,160159,Dire Dawa,Piassa,No,Yes,Yes,No,8,3864,429.33,816,290,4,0
100152,69,Male,Private Employee,17704,Harari,Hawassa,No,Yes,Yes,Yes,3,1182,295.5,379,268,1,0
100153,52,Male,Doctor,123279,Dire Dawa,CMC,Yes,Yes,Yes,No,6,6504,929.14,6159,151,4,0
100154,24,Male,Student,170280,Dire Dawa,Bole,Yes,Yes,Yes,No,7,6636,829.5,2223,207,3,0
100155,50,Male,Doctor,130516,Dire Dawa,Mexico,No,Yes,No,No,4,4192,838.4,2418,255,4,0
100156,57,Male,Farmer,168995,Tigray,CMC,Yes,Yes,No,No,9,5868,586.8,4907,353,5,0
100157,43,Male,Merchant,126044,Oromia,Piassa,No,Yes,No,No,5,2820,470.0,607,141,4,0
100158,59,Male,Government Employee,41165,Amhara,Adama,No,Yes,Yes,Yes,4,3784,756.8,2472,343,2,0
100159,65,Male,Student,79203,Oromia,Bahir Dar,Yes,Yes,Yes,Yes,8,7640,848.89,3115,358,1,0
100160,35,Male,Engineer,16114,Harari,CMC,Yes,Yes,Yes,Yes,4,1272,254.4,1077,96,5,0
100161,63,Female,Farmer,48321,Addis Ababa,Bahir Dar,Yes,Yes,Yes,No,7,7294,911.75,3009,227,3,0
100162,49,Male,Engineer,85297,Dire Dawa,Bole,No,Yes,Yes,No,9,8505,850.5,6081,193,1,1
100163,56,Male,Engineer,108652,Oromia,Piassa,No,Yes,Yes,Yes,6,5550,792.86,3916,303,1,0
100164,33,Male,Farmer,111304,Harari,Mexico,No,Yes,No,Yes,7,5586,698.25,2045,314,2,0
100165,52,Female,Student,168498,Addis Ababa,Piassa,No,Yes,Yes,Yes,5,2190,365.0,495,118,2,0
100166,27,Male,NGO Employee,29772,Addis Ababa,Piassa,Yes,Yes,Yes,No,7,6552,819.0,3321,5,2,0
100167,42,Male,Farmer,115754,Dire Dawa,Megenagna,No,Yes,Yes,No,7,7105,888.12,2962,352,5,0
100168,48,Female,Farmer,15712,Amhara,Piassa,Yes,Yes,Yes,No,6,5232,747.43,4220,243,4,0
100169,22,Male,Government Employee,144439,SNNPR,Piassa,No,No,Yes,No,8,8488,943.11,6792,21,1,1
100170,62,Female,Farmer,127142,Tigray,Hawassa,No,Yes,No,Yes,8,8872,985.78,4815,152,4,0
100171,65,Male,Government Employee,103736,Oromia,CMC,No,Yes,Yes,No,10,8240,749.09,5396,128,4,1
100172,26,Male,Merchant,63924,Addis Ababa,Mexico,No,Yes,Yes,Yes,8,4432,492.44,2894,124,2,1
100173,48,Male,Student,15726,Oromia,Hawassa,No,Yes,Yes,Yes,2,768,256.0,630,146,4,0
100174,48,Female,Merchant,101152,SNNPR,Hawassa,No,Yes,Yes,Yes,9,6813,681.3,3534,277,1,1
100175,64,Male,Business Owner,39723,Tigray,CMC,No,Yes,Yes,Yes,10,8310,755.45,3378,310,1,1
100176,64,Female,Private Employee,138969,SNNPR,CMC,Yes,Yes,Yes,No,10,8610,782.73,3433,152,3,0
100177,40,Male,Government Employee,112494,Tigray,Bole,No,Yes,Yes,Yes,5,4875,812.5,2935,360,5,0
100178,50,Female,Engineer,152180,Sidama,CMC,Yes,Yes,Yes,No,9,3519,351.9,1889,111,4,0
100179,31,Male,Private Employee,47643,Tigray,Megenagna,Yes,Yes,Yes,No,5,4495,749.17,2382,116,5,0
100180,48,Female,Government Employee,174396,Dire Dawa,Megenagna,No,Yes,Yes,No,11,4048,337.33,1086,188,5,1
100181,45,Male,Business Owner,115896,Amhara,Hawassa,No,Yes,No,Yes,8,2688,298.67,1986,57,5,0
100182,59,Male,Doctor,151999,SNNPR,Bahir Dar,No,Yes,Yes,No,11,11704,975.33,4216,251,5,1
100183,53,Male,Engineer,105680,Addis Ababa,Bole,No,Yes,Yes,Yes,6,6378,911.14,2217,150,1,0
100184,21,Male,Government Employee,108546,Dire Dawa,Bahir Dar,No,Yes,Yes,No,7,3073,384.12,1565,162,4,0
100185,47,Male,Business Owner,165515,Sidama,Bahir Dar,Yes,Yes,Yes,No,5,5830,971.67,2161,120,3,0
100186,33,Male,Merchant,91973,Amhara,Hawassa,Yes,Yes,Yes,No,3,3576,894.0,2281,70,5,0
100187,61,Female,Farmer,75449,Oromia,Adama,No,Yes,Yes,Yes,10,9790,890.0,4685,351,3,1
100188,23,Male,Farmer,121834,Dire Dawa,Hawassa,No,Yes,Yes,No,3,2595,648.75,1392,99,1,0
100189,59,Female,Business Owner,37537,SNNPR,Mexico,No,Yes,No,Yes,7,8379,1047.38,5051,167,1,0
100190,26,Female,Merchant,89576,Harari,Mexico,No,Yes,Yes,Yes,8,3816,424.0,1345,298,2,0
100191,28,Male,Business Owner,119522,Harari,CMC,Yes,Yes,No,Yes,6,6648,949.71,2106,151,5,0
100192,47,Female,Teacher,34612,Addis Ababa,CMC,No,No,Yes,Yes,7,7784,973.0,6696,326,2,0
100193,29,Female,Merchant,18471,Tigray,Adama,No,Yes,No,Yes,4,4680,936.0,2458,2,3,0
100194,57,Male,Business Owner,178703,Addis Ababa,CMC,Yes,Yes,No,No,2,1834,611.33,933,152,4,0
100195,53,Male,Business Owner,43348,Harari,Mexico,No,Yes,Yes,No,5,2180,363.33,494,65,2,0
100196,62,Male,Merchant,13177,Oromia,Bahir Dar,No,Yes,No,Yes,3,1467,366.75,841,326,1,0
100197,64,Male,Doctor,147832,Sidama,Hawassa,Yes,Yes,Yes,Yes,8,7512,834.67,4624,69,5,0
100198,44,Male,Merchant,44779,Sidama,Piassa,No,Yes,No,Yes,6,3846,549.43,2381,121,3,0
100199,35,Male,Farmer,33636,SNNPR,Megenagna,No,Yes,Yes,Yes,4,3432,686.4,2506,109,1,0
100200,52,Female,Engineer,93889,Sidama,Piassa,Yes,Yes,Yes,Yes,7,2128,266.0,708,316,4,0
100201,52,Female,Merchant,65551,SNNPR,Piassa,No,Yes,Yes,No,8,4448,494.22,1731,247,5,1
100202,44,Male,Business Owner,154628,Dire Dawa,Mexico,Yes,Yes,No,Yes,2,2222,740.67,1795,93,4,0
100203,61,Male,Teacher,170670,SNNPR,Piassa,No,Yes,Yes,Yes,8,7688,854.22,6998,268,4,1
100204,69,Male,Business Owner,154635,Dire Dawa,Hawassa,No,Yes,Yes,Yes,6,6630,947.14,2001,103,5,0
100205,69,Male,Business Owner,58819,SNNPR,Adama,No,Yes,Yes,No,6,3252,464.57,1864,112,5,0
100206,32,Male,Student,85770,Harari,Bole,No,Yes,No,No,5,5430,905.0,1958,321,4,0
100207,59,Female,Government Employee,170038,Harari,CMC,No,Yes,Yes,No,7,7133,891.62,1747,304,3,0
100208,22,Male,Private Employee,170059,Tigray,Bole,No,Yes,Yes,No,3,2142,535.5,951,344,5,0
100209,23,Female,Business Owner,90714,Dire Dawa,Bahir Dar,No,Yes,Yes,Yes,10,9260,841.82,2849,62,1,1
100210,69,Female,NGO Employee,36596,Amhara,Hawassa,Yes,Yes,Yes,Yes,4,4024,804.8,2947,300,2,0
100211,57,Male,Government Employee,176246,Dire Dawa,Hawassa,No,Yes,Yes,No,8,5136,570.67,3083,136,3,1
100212,69,Female,Government Employee,76106,SNNPR,Megenagna,No,Yes,No,Yes,10,9810,891.82,3020,55,5,0
100213,37,Male,Government Employee,71182,SNNPR,Hawassa,No,Yes,Yes,No,5,3390,565.0,701,108,5,0
100214,69,Male,Government Employee,99163,Amhara,CMC,Yes,Yes,Yes,Yes,5,4465,744.17,3599,303,3,0
100215,22,Male,Government Employee,51310,Addis Ababa,Hawassa,No,Yes,Yes,Yes,6,5790,827.14,1923,258,2,0
100216,22,Female,Business Owner,68088,SNNPR,Piassa,No,Yes,Yes,No,3,2856,714.0,1869,253,4,0
100217,48,Female,Merchant,140803,Tigray,Megenagna,No,Yes,Yes,No,7,7875,984.38,3564,222,1,0
100218,43,Female,Private Employee,151978,Sidama,CMC,No,Yes,Yes,No,9,4005,400.5,2559,167,5,1
100219,57,Female,Business Owner,48914,Sidama,Adama,Yes,Yes,Yes,Yes,6,3732,533.14,1629,160,2,0
100220,52,Female,Government Employee,122350,Oromia,Adama,No,Yes,No,No,6,2526,360.86,669,166,1,0
100221,53,Female,Private Employee,57379,Oromia,Adama,No,Yes,Yes,Yes,5,2755,459.17,1011,205,3,0
100222,21,Female,Merchant,58413,Sidama,Adama,Yes,Yes,No,Yes,3,3462,865.5,1180,267,5,0
100223,39,Female,Engineer,149084,Sidama,Piassa,No,Yes,No,Yes,7,8386,1048.25,4369,138,4,0
100224,22,Male,Government Employee,19151,Harari,Hawassa,No,Yes,Yes,Yes,6,3660,522.86,2538,346,3,0
100225,64,Male,Business Owner,69716,Tigray,Bole,Yes,Yes,No,Yes,7,6300,787.5,2506,248,5,0
100226,46,Female,Private Employee,105747,Amhara,CMC,No,Yes,Yes,Yes,6,4644,663.43,970,55,2,0
100227,52,Male,Teacher,179450,Oromia,Piassa,No,Yes,Yes,Yes,4,3476,695.2,2048,209,1,0
100228,26,Male,Engineer,156539,Harari,Adama,No,Yes,Yes,Yes,8,6328,703.11,4140,17,1,1
100229,52,Female,Merchant,174082,Harari,Bahir Dar,Yes,Yes,Yes,Yes,10,8740,794.55,8059,68,5,0
100230,24,Male,Private Employee,133999,Amhara,Hawassa,No,Yes,Yes,Yes,8,5168,574.22,3318,133,3,1
100231,31,Male,NGO Employee,126793,Harari,Bole,No,Yes,Yes,Yes,8,8952,994.67,4953,188,4,1
100232,37,Female,Government Employee,120177,Dire Dawa,Bahir Dar,No,Yes,Yes,No,5,3930,655.0,2476,308,2,0
100233,58,Female,Government Employee,24289,Tigray,Megenagna,No,Yes,Yes,Yes,10,7720,701.82,6916,138,5,1
100234,44,Male,Business Owner,166243,Sidama,Bahir Dar,No,No,No,Yes,6,4086,583.71,3355,174,2,0
100235,25,Female,Government Employee,98365,SNNPR,Megenagna,No,Yes,Yes,Yes,9,5211,521.1,2304,97,1,1
100236,54,Female,Student,126014,Amhara,Megenagna,No,No,Yes,No,4,1484,296.8,560,171,4,0
100237,26,Male,Doctor,172806,Sidama,Adama,No,Yes,Yes,No,6,4920,702.86,1953,154,2,0
100238,42,Male,Private Employee,84588,Sidama,Megenagna,No,Yes,Yes,No,7,4655,581.88,2692,183,5,0
100239,31,Female,Merchant,75646,Addis Ababa,Mexico,No,Yes,Yes,No,13,5109,364.93,3872,242,4,1
100240,68,Male,Student,15654,Dire Dawa,CMC,No,Yes,No,No,6,4032,576.0,2328,304,3,0
100241,36,Male,Teacher,30743,Amhara,CMC,No,Yes,Yes,No,7,4466,558.25,1120,285,5,0
100242,53,Male,Merchant,60368,Harari,Adama,No,Yes,Yes,No,11,8096,674.67,6012,27,2,1
100243,29,Male,NGO Employee,149513,SNNPR,Mexico,No,Yes,No,Yes,6,3810,544.29,3065,360,4,0
100244,26,Male,Student,131735,Amhara,Bahir Dar,No,Yes,No,Yes,5,4815,802.5,2008,60,5,0
100245,36,Male,Engineer,167683,Harari,Piassa,No,Yes,Yes,Yes,5,3955,659.17,2760,202,4,0
100246,49,Male,Government Employee,131891,Sidama,Bahir Dar,No,Yes,Yes,No,8,9336,1037.33,4854,250,4,1
100247,23,Male,Business Owner,119971,SNNPR,Hawassa,No,Yes,Yes,No,9,3051,305.1,2644,362,4,0
100248,40,Female,Teacher,24149,Harari,Piassa,No,Yes,Yes,No,8,5264,584.89,4389,69,2,1
100249,56,Male,Private Employee,112102,Tigray,Megenagna,Yes,No,Yes,Yes,8,6984,776.0,4149,21,5,0
100250,39,Female,Teacher,71189,Harari,Bole,Yes,Yes,Yes,Yes,8,4424,491.56,3179,152,1,0
100251,46,Male,Government Employee,164747,Addis Ababa,Piassa,No,Yes,No,Yes,7,6160,770.0,5313,102,1,0
100252,23,Female,Government Employee,83031,Dire Dawa,Bole,Yes,Yes,No,Yes,4,2788,557.6,1594,95,2,0
100253,39,Male,Business Owner,54668,Sidama,CMC,Yes,Yes,Yes,No,6,6336,905.14,2755,361,2,0
100254,40,Female,Government Employee,156745,Harari,Bole,No,Yes,Yes,No,2,2352,784.0,1799,229,4,0
100255,52,Female,Student,100204,Dire Dawa,CMC,Yes,Yes,Yes,Yes,3,1407,351.75,513,125,5,0
100256,27,Male,Teacher,166741,Oromia,Mexico,Yes,Yes,Yes,No,3,2967,741.75,1457,258,5,0
100257,61,Female,Doctor,177140,Oromia,Mexico,No,Yes,Yes,Yes,4,4000,800.0,3397,322,3,0
100258,53,Male,Farmer,152507,Dire Dawa,Adama,Yes,Yes,No,No,13,10530,752.14,7827,236,3,0
100259,60,Male,Private Employee,49384,Dire Dawa,Adama,No,Yes,Yes,Yes,5,2795,465.83,1405,162,1,0
100260,59,Male,Merchant,93929,Addis Ababa,Megenagna,No,Yes,Yes,Yes,6,5298,756.86,1912,42,3,0
100261,38,Male,Merchant,139959,Tigray,Piassa,No,Yes,No,Yes,3,2274,568.5,1061,276,3,0
100262,60,Male,Merchant,88153,Sidama,Megenagna,Yes,Yes,Yes,Yes,8,6624,736.0,2736,353,1,0
100263,21,Male,Private Employee,87388,Amhara,CMC,No,Yes,Yes,Yes,6,7086,1012.29,2353,68,1,0
100264,31,Female,Merchant,43401,Addis Ababa,Megenagna,No,Yes,Yes,No,5,3200,533.33,2423,173,3,0
100265,48,Male,Business Owner,131503,Tigray,Bole,No,Yes,Yes,No,8,2848,316.44,1108,331,5,0
100266,45,Male,Student,139834,Dire Dawa,CMC,No,Yes,No,No,10,5170,470.0,2795,125,3,0
100267,43,Male,Teacher,46084,Amhara,Adama,No,Yes,Yes,Yes,10,9180,834.55,4492,170,4,1
100268,51,Male,Business Owner,122641,Dire Dawa,Mexico,No,Yes,Yes,No,3,3345,836.25,3132,47,4,0
100269,50,Male,Farmer,117111,Dire Dawa,Adama,No,Yes,Yes,Yes,10,9840,894.55,4854,261,4,1
100270,62,Female,Engineer,179523,Oromia,Piassa,No,No,No,Yes,4,4120,824.0,1071,217,2,0
100271,55,Male,Government Employee,150299,Oromia,CMC,No,Yes,Yes,No,6,4578,654.0,1224,305,4,0
100272,27,Male,Teacher,174982,Amhara,CMC,No,Yes,Yes,No,6,3276,468.0,2106,124,5,0
100273,36,Male,Teacher,48041,Addis Ababa,Bole,Yes,Yes,Yes,Yes,7,7203,900.38,4678,293,2,0
100274,46,Male,Business Owner,100920,Oromia,Piassa,No,Yes,Yes,Yes,7,4704,588.0,2418,162,2,0
100275,68,Female,Business Owner,77681,Sidama,Mexico,Yes,Yes,Yes,No,8,5728,636.44,3000,201,4,0
100276,69,Male,Private Employee,93571,Dire Dawa,Bahir Dar,Yes,Yes,Yes,Yes,7,2310,288.75,555,275,3,0
100277,22,Male,Business Owner,139556,SNNPR,CMC,Yes,No,Yes,Yes,10,6670,606.36,3918,206,1,0
100278,21,Female,Government Employee,38160,Harari,CMC,No,Yes,Yes,No,8,6864,762.67,3971,40,3,1
100279,68,Male,Teacher,29633,Amhara,Bole,No,Yes,No,Yes,7,6615,826.88,2064,273,3,0
100280,32,Female,Government Employee,29014,Amhara,Megenagna,Yes,Yes,Yes,Yes,12,4884,375.69,1357,188,2,0
100281,25,Male,Private Employee,92532,Oromia,Hawassa,Yes,Yes,Yes,Yes,11,9713,809.42,2842,355,2,0
100282,57,Female,NGO Employee,61104,Addis Ababa,Mexico,No,Yes,Yes,No,5,5690,948.33,1569,93,2,0
100283,52,Male,Engineer,89231,Dire Dawa,Adama,No,No,No,No,6,4302,614.57,2827,42,5,0
100284,29,Female,Private Employee,80388,Sidama,Piassa,No,Yes,Yes,No,6,5514,787.71,1915,107,5,0
100285,61,Male,Private Employee,28014,Addis Ababa,CMC,No,Yes,No,No,8,8960,995.56,3481,328,1,0
100286,55,Male,Government Employee,104578,Tigray,CMC,No,No,No,No,10,6970,633.64,2301,65,2,0
100287,39,Male,Farmer,176827,Tigray,Adama,Yes,Yes,Yes,Yes,6,3426,489.43,3146,309,4,0
100288,68,Female,Government Employee,52390,SNNPR,Mexico,No,Yes,No,Yes,3,2946,736.5,2477,135,2,0
100289,36,Female,Merchant,35711,Oromia,Hawassa,No,Yes,Yes,No,14,5810,387.33,2166,24,5,1
100290,23,Female,Student,103658,Oromia,Megenagna,Yes,Yes,Yes,No,13,14820,1058.57,6604,28,2,0
100291,40,Male,Government Employee,69993,Oromia,CMC,No,Yes,No,No,5,4425,737.5,1581,62,5,0
100292,44,Female,Teacher,170285,SNNPR,Hawassa,Yes,Yes,Yes,No,7,3885,485.62,2210,273,2,0
100293,53,Male,Student,19421,Tigray,Mexico,No,Yes,Yes,Yes,8,3040,337.78,652,229,4,0
100294,44,Male,Government Employee,29727,Addis Ababa,Adama,No,Yes,Yes,Yes,5,5395,899.17,3795,20,1,0
100295,31,Male,Teacher,124418,SNNPR,Bole,No,Yes,Yes,Yes,13,5551,396.5,3288,3,4,1
100296,69,Female,Merchant,16358,SNNPR,Megenagna,No,Yes,No,Yes,5,5685,947.5,4968,218,5,0
100297,28,Male,NGO Employee,77108,Addis Ababa,Piassa,No,Yes,Yes,Yes,11,5874,489.5,1899,307,3,1
100298,56,Male,Merchant,106018,Oromia,CMC,Yes,Yes,Yes,No,8,6816,757.33,5473,136,4,0
100299,58,Female,Farmer,136457,Sidama,Mexico,Yes,Yes,Yes,No,2,960,320.0,762,3,2,0
100300,60,Male,Merchant,175189,Addis Ababa,Bole,No,Yes,Yes,Yes,8,3648,405.33,1077,193,1,0
100301,40,Male,Teacher,43910,Tigray,Piassa,No,Yes,No,No,9,6777,677.7,3381,73,2,0
100302,55,Male,Engineer,138888,Amhara,Bahir Dar,Yes,Yes,Yes,No,11,9570,797.5,3135,361,2,0
100303,68,Male,Merchant,67754,Dire Dawa,Mexico,No,Yes,No,Yes,7,8092,1011.5,3164,118,4,0
100304,45,Male,Teacher,121847,Amhara,Mexico,Yes,Yes,Yes,No,12,12720,978.46,5055,154,1,0
100305,55,Male,Private Employee,172443,Harari,Piassa,No,Yes,Yes,No,5,5015,835.83,3095,209,3,0
100306,45,Female,Government Employee,50467,Harari,Bole,Yes,Yes,Yes,No,9,2907,290.7,1478,34,2,0
100307,49,Male,Government Employee,160697,SNNPR,Bahir Dar,No,Yes,Yes,No,8,6176,686.22,5625,137,1,1
100308,38,Male,Private Employee,45893,Dire Dawa,Hawassa,No,Yes,Yes,No,8,5592,621.33,1648,318,3,1
100309,66,Female,Private Employee,88329,Amhara,Hawassa,Yes,Yes,Yes,Yes,7,6237,779.62,5802,120,2,0
100310,38,Male,NGO Employee,43007,Sidama,Adama,No,Yes,Yes,Yes,5,2165,360.83,807,115,1,0
100311,22,Male,Government Employee,66253,Oromia,Bole,No,Yes,No,Yes,7,5040,630.0,3929,13,4,0
100312,55,Male,Farmer,24323,Tigray,Megenagna,Yes,Yes,Yes,No,8,4096,455.11,1860,69,2,0
100313,36,Male,Private Employee,123335,Harari,CMC,Yes,Yes,Yes,Yes,7,8393,1049.12,2579,333,2,0
100314,61,Male,Teacher,124356,Sidama,Piassa,Yes,Yes,Yes,Yes,9,7029,702.9,5928,257,1,0
100315,56,Female,Student,122944,Tigray,Adama,Yes,Yes,Yes,No,7,4529,566.12,1954,89,2,0
100316,53,Female,Business Owner,157282,Tigray,Bahir Dar,No,Yes,Yes,No,1,465,232.5,322,47,3,0
100317,24,Male,Teacher,28456,Oromia,Piassa,No,Yes,No,No,7,4529,566.12,2829,260,2,0
100318,53,Male,Government Employee,43367,Dire Dawa,Piassa,No,Yes,No,Yes,3,3444,861.0,1907,228,5,0
100319,34,Male,Doctor,66624,SNNPR,Bole,Yes,Yes,Yes,Yes,8,5576,619.56,3188,180,3,0
100320,41,Female,Private Employee,153178,Amhara,CMC,Yes,Yes,Yes,Yes,6,5292,756.0,3964,10,1,0
100321,68,Male,NGO Employee,80008,Oromia,Megenagna,Yes,Yes,Yes,Yes,2,2050,683.33,544,284,3,0
100322,40,Male,Government Employee,137926,Sidama,Hawassa,No,Yes,Yes,Yes,12,8808,677.54,6175,126,5,1
100323,28,Male,Merchant,127395,SNNPR,Mexico,No,Yes,Yes,No,8,7008,778.67,6109,134,5,1
100324,27,Male,Engineer,128492,Sidama,Mexico,Yes,Yes,Yes,No,6,3120,445.71,759,155,2,0
100325,23,Female,Private Employee,84240,SNNPR,Piassa,No,Yes,Yes,Yes,9,5463,546.3,1668,248,2,1
100326,37,Male,Private Employee,76315,Dire Dawa,Hawassa,No,Yes,Yes,No,4,4388,877.6,3236,140,4,0
100327,53,Female,Government Employee,22756,Harari,Hawassa,No,Yes,No,No,9,8964,896.4,4732,318,3,0
100328,68,Male,Private Employee,48378,Sidama,CMC,No,Yes,Yes,Yes,5,5090,848.33,2558,176,4,0
100329,32,Female,Merchant,147327,Oromia,Bahir Dar,No,Yes,Yes,No,5,3825,637.5,1157,323,5,0
100330,42,Male,Government Employee,157556,SNNPR,Bahir Dar,No,Yes,Yes,Yes,10,3980,361.82,2308,174,2,0
100331,42,Male,Business Owner,137703,SNNPR,Adama,No,Yes,Yes,Yes,4,2164,432.8,638,74,2,0
100332,66,Female,Government Employee,68549,Tigray,Bole,No,Yes,No,No,10,4570,415.45,2547,351,2,0
100333,50,Female,Doctor,177575,Tigray,CMC,Yes,Yes,No,Yes,8,7272,808.0,5619,143,1,0
100334,58,Female,Government Employee,85794,Addis Ababa,CMC,No,Yes,No,No,8,6824,758.22,2686,292,5,0
100335,58,Male,Private Employee,57113,Sidama,Bole,Yes,Yes,Yes,Yes,9,8550,855.0,4793,112,2,0
100336,65,Female,Government Employee,86069,Tigray,Hawassa,No,Yes,Yes,No,9,9846,984.6,9294,206,5,1
100337,28,Male,Business Owner,148321,Addis Ababa,Bahir Dar,Yes,Yes,Yes,Yes,6,3156,450.86,2256,131,2,0
100338,47,Female,Teacher,162273,Harari,Bahir Dar,No,Yes,No,Yes,7,5054,631.75,4199,110,3,0
100339,47,Male,Business Owner,137541,Harari,Hawassa,No,Yes,Yes,Yes,1,371,185.5,189,67,5,0
100340,54,Female,Government Employee,21686,Tigray,Bahir Dar,No,Yes,No,No,4,2168,433.6,1682,86,4,0
100341,41,Female,Engineer,65363,Sidama,Piassa,Yes,Yes,No,No,9,7461,746.1,1718,275,1,0
100342,50,Female,Doctor,109543,SNNPR,CMC,No,Yes,Yes,No,13,11544,824.57,3372,227,4,1
100343,53,Male,Government Employee,143733,Amhara,Mexico,No,Yes,Yes,No,7,2408,301.0,848,325,5,0
100344,48,Male,Doctor,107673,Dire Dawa,Bole,No,Yes,Yes,No,12,9252,711.69,4639,10,2,1
100345,67,Female,NGO Employee,54828,Sidama,Bahir Dar,Yes,Yes,No,No,3,2010,502.5,1676,355,5,0
100346,53,Male,Government Employee,60604,Dire Dawa,Adama,No,Yes,Yes,No,6,6924,989.14,3182,288,1,0
100347,25,Female,Doctor,22526,Oromia,Bahir Dar,Yes,Yes,No,No,7,6657,832.12,4599,112,5,0
100348,68,Female,Engineer,80910,Harari,Bahir Dar,Yes,Yes,Yes,No,8,7904,878.22,5785,24,2,0
100349,39,Male,Business Owner,37592,Tigray,Megenagna,No,Yes,Yes,No,10,10330,939.09,6607,291,4,1
100350,24,Female,Government Employee,40982,Tigray,Piassa,No,Yes,No,Yes,7,2737,342.12,1280,339,3,0
100351,55,Male,Government Employee,12207,Dire Dawa,Bole,No,No,Yes,No,7,2247,280.88,1421,326,4,0
100352,69,Female,Teacher,100733,SNNPR,Megenagna,No,Yes,Yes,No,11,5181,431.75,2366,168,2,1
100353,37,Female,Student,136982,Dire Dawa,Megenagna,No,Yes,Yes,Yes,8,7224,802.67,1899,109,2,1
100354,64,Male,Farmer,80619,Oromia,Adama,No,Yes,Yes,Yes,3,1473,368.25,1391,190,1,0
100355,48,Male,Business Owner,172400,SNNPR,CMC,No,Yes,No,Yes,3,1128,282.0,333,355,5,0
100356,50,Female,Farmer,58479,Oromia,Adama,No,Yes,Yes,No,8,4640,515.56,1179,196,5,1
100357,49,Male,Merchant,163175,Amhara,CMC,Yes,Yes,No,No,3,1989,497.25,1708,33,4,0
100358,66,Male,Business Owner,153826,Harari,CMC,No,Yes,No,Yes,4,1912,382.4,815,205,3,0
100359,26,Male,Government Employee,93437,Tigray,Bole,No,Yes,Yes,No,8,4296,477.33,2954,312,3,1
100360,55,Male,Teacher,110540,Tigray,Bahir Dar,Yes,Yes,Yes,No,8,3472,385.78,1551,182,1,0
100361,61,Male,Business Owner,84982,Amhara,Bole,No,Yes,Yes,Yes,8,9408,1045.33,4643,147,2,1
100362,57,Male,Doctor,114747,Addis Ababa,Piassa,No,Yes,Yes,No,8,4632,514.67,1836,268,1,1
100363,44,Male,Private Employee,60231,Harari,CMC,No,Yes,No,No,1,318,159.0,145,11,5,0
100364,49,Female,Government Employee,41301,SNNPR,Megenagna,No,Yes,Yes,No,7,6258,782.25,3179,70,2,0
100365,69,Male,Government Employee,30752,Amhara,Bahir Dar,No,Yes,Yes,No,4,4156,831.2,3076,256,1,0
100366,66,Male,Business Owner,110452,SNNPR,Mexico,No,Yes,Yes,No,7,4690,586.25,2737,219,4,0
100367,51,Male,NGO Employee,156467,Dire Dawa,Piassa,No,Yes,Yes,No,5,5380,896.67,4883,297,5,0
100368,55,Male,Government Employee,133237,Sidama,Bole,No,Yes,Yes,Yes,11,4521,376.75,1046,362,3,1
100369,53,Male,Teacher,68273,Tigray,Adama,No,Yes,No,No,6,6372,910.29,3678,259,1,0
100370,41,Female,Merchant,103878,SNNPR,Piassa,Yes,Yes,Yes,No,7,6825,853.12,4355,3,5,0
100371,52,Female,Teacher,16895,Oromia,Piassa,Yes,Yes,Yes,No,7,8183,1022.88,7284,84,5,0
100372,43,Male,Private Employee,131968,SNNPR,Bahir Dar,No,Yes,Yes,Yes,3,2937,734.25,695,156,3,0
100373,53,Female,Teacher,127700,Sidama,Piassa,No,Yes,Yes,No,9,4680,468.0,2948,151,3,1
100374,23,Female,Doctor,88559,Harari,Piassa,No,Yes,Yes,Yes,5,3015,502.5,2533,176,3,0
100375,38,Male,Private Employee,22699,Tigray,Mexico,No,Yes,Yes,No,7,7014,876.75,2675,195,1,0
100376,45,Female,Government Employee,21715,Dire Dawa,Hawassa,Yes,Yes,Yes,Yes,9,5616,561.6,4814,107,3,0
100377,62,Female,Teacher,31169,Amhara,Adama,Yes,Yes,Yes,Yes,9,6624,662.4,1419,134,4,0
100378,51,Male,Student,130413,Dire Dawa,Adama,No,Yes,Yes,Yes,5,3685,614.17,2761,276,5,0
100379,23,Male,Government Employee,159235,Sidama,Adama,Yes,Yes,Yes,Yes,8,3752,416.89,3376,352,3,0
100380,60,Female,Engineer,131264,Tigray,CMC,Yes,Yes,No,No,8,5392,599.11,3736,155,5,0
100381,66,Female,NGO Employee,17782,SNNPR,Megenagna,Yes,No,No,No,9,7704,770.4,4077,277,2,0
100382,44,Male,Teacher,136481,Harari,Hawassa,No,Yes,Yes,No,2,1360,453.33,317,236,2,0
100383,52,Female,Student,47585,Addis Ababa,Adama,No,Yes,No,Yes,11,3443,286.92,3064,240,3,0
100384,67,Female,Engineer,42682,Harari,Piassa,Yes,Yes,No,Yes,7,7294,911.75,4031,13,5,0
100385,42,Female,Business Owner,141992,Addis Ababa,Piassa,No,Yes,Yes,No,6,5808,829.71,1287,342,2,0
100386,43,Female,Private Employee,96416,Oromia,Adama,No,Yes,Yes,No,9,7191,719.1,5158,35,3,1
100387,22,Female,Private Employee,139810,Harari,Bahir Dar,No,Yes,No,No,10,9450,859.09,5305,47,5,0
100388,47,Male,Engineer,50067,Tigray,Adama,Yes,Yes,Yes,No,5,3450,575.0,1011,214,3,0
100389,62,Male,Engineer,30073,Addis Ababa,Piassa,No,Yes,Yes,Yes,3,2544,636.0,917,146,5,0
100390,22,Female,Private Employee,48035,Amhara,CMC,No,Yes,No,No,8,6912,768.0,1716,159,2,0
100391,46,Female,Teacher,102373,Tigray,Bole,No,Yes,Yes,No,11,9119,759.92,5751,125,3,1
100392,37,Male,Engineer,95362,Amhara,Bole,No,Yes,Yes,Yes,7,5537,692.12,3690,110,2,0
100393,60,Male,Merchant,102517,Harari,Hawassa,Yes,Yes,No,Yes,7,5943,742.88,3442,37,3,0
100394,53,Female,Business Owner,77450,Amhara,Hawassa,No,Yes,Yes,No,8,7984,887.11,6489,277,1,1
100395,29,Male,Merchant,22382,Addis Ababa,Adama,No,Yes,Yes,Yes,7,4788,598.5,4049,14,2,0
100396,63,Female,Government Employee,147509,Tigray,Mexico,Yes,Yes,Yes,Yes,2,990,330.0,655,347,2,0
100397,68,Female,Private Employee,73929,SNNPR,Adama,No,Yes,Yes,No,10,10540,958.18,2208,232,4,1
100398,59,Female,Government Employee,110864,Sidama,Bahir Dar,Yes,Yes,No,Yes,6,3594,513.43,2592,316,2,0
100399,49,Male,Government Employee,155401,Addis Ababa,Adama,No,Yes,Yes,Yes,6,6684,954.86,3432,124,5,0
100400,62,Male,Business Owner,37169,Addis Ababa,Hawassa,No,Yes,Yes,No,6,5076,725.14,3168,279,3,0
100401,46,Male,Merchant,99468,SNNPR,Bole,No,Yes,Yes,No,7,7182,897.75,4932,111,1,0
100402,55,Male,Government Employee,46594,Tigray,Piassa,No,Yes,Yes,No,7,7210,901.25,3335,124,5,0
100403,45,Male,Doctor,57033,Tigray,Adama,No,Yes,Yes,No,6,6762,966.0,6003,30,5,0
100404,44,Male,Private Employee,75133,Dire Dawa,Piassa,No,Yes,No,No,7,6307,788.38,1895,115,5,0
100405,33,Male,NGO Employee,85861,Harari,Piassa,No,Yes,Yes,No,4,2428,485.6,1708,90,5,0
100406,27,Male,Student,43750,Amhara,Mexico,No,Yes,Yes,Yes,6,3306,472.29,672,212,1,0
100407,56,Male,Private Employee,52461,Harari,Piassa,No,Yes,Yes,No,7,2149,268.62,1920,38,4,0
100408,65,Male,Business Owner,90222,SNNPR,Bole,Yes,Yes,No,No,5,5335,889.17,1517,83,2,0
100409,40,Male,Government Employee,124020,Harari,CMC,No,Yes,No,Yes,7,8218,1027.25,2228,27,5,0
100410,21,Female,Merchant,36226,SNNPR,CMC,No,Yes,No,Yes,6,3042,434.57,1368,217,2,0
100411,28,Female,Merchant,18721,Tigray,Megenagna,Yes,Yes,No,No,9,3870,387.0,1858,360,2,0
100412,66,Male,Private Employee,32609,Amhara,Bahir Dar,No,Yes,No,Yes,7,7245,905.62,2613,215,5,0
100413,36,Female,Merchant,142513,Harari,Adama,No,Yes,Yes,Yes,13,13104,936.0,8371,221,4,1
100414,34,Male,Private Employee,116211,Addis Ababa,Bahir Dar,Yes,Yes,Yes,No,4,3812,762.4,2028,15,2,0
100415,32,Female,Government Employee,148728,Oromia,Bole,No,Yes,Yes,No,3,3189,797.25,719,259,3,0
100416,43,Male,Farmer,136865,Dire Dawa,Piassa,No,Yes,No,Yes,3,2721,680.25,1196,266,2,0
100417,35,Female,Private Employee,86520,Sidama,CMC,No,Yes,No,Yes,11,3575,297.92,2887,120,5,0
100418,48,Female,Merchant,76309,Addis Ababa,Bahir Dar,Yes,Yes,Yes,Yes,11,10142,845.17,7274,128,1,0
100419,54,Female,Business Owner,41984,Tigray,Bole,Yes,Yes,No,No,9,6777,677.7,5039,211,2,0
100420,22,Female,Student,130947,Sidama,CMC,No,Yes,Yes,No,13,12142,867.29,8785,11,4,1
100421,52,Male,Government Employee,17901,Oromia,Piassa,No,Yes,Yes,Yes,5,2425,404.17,1050,176,3,0
100422,43,Male,Business Owner,174624,Oromia,Bahir Dar,No,Yes,Yes,No,12,9396,722.77,2581,133,3,1
100423,42,Female,Farmer,43055,Amhara,CMC,No,Yes,Yes,Yes,10,9790,890.0,3958,325,1,1
100424,45,Male,Business Owner,157788,Sidama,Adama,Yes,Yes,Yes,No,8,2800,311.11,2306,320,1,0
100425,42,Female,Student,126099,Amhara,Hawassa,No,Yes,Yes,No,10,11900,1081.82,11130,14,2,1
100426,42,Male,Engineer,23138,Addis Ababa,Adama,Yes,Yes,Yes,No,10,3040,276.36,1733,50,5,0
100427,69,Male,Farmer,178370,SNNPR,Megenagna,No,Yes,Yes,No,10,8880,807.27,1840,72,4,1
100428,62,Male,Engineer,35429,SNNPR,Megenagna,No,Yes,No,Yes,11,5049,420.75,1540,69,3,0
100429,26,Male,Student,62200,SNNPR,CMC,No,Yes,No,No,6,3042,434.57,1343,16,1,0
100430,35,Female,NGO Employee,113268,Sidama,Hawassa,No,Yes,No,No,6,3336,476.57,2114,334,4,0
100431,63,Male,Engineer,29347,SNNPR,Bole,Yes,Yes,Yes,Yes,7,3528,441.0,904,357,5,0
100432,57,Male,Engineer,159992,Addis Ababa,Adama,No,Yes,Yes,No,6,6396,913.71,5804,56,3,0
100433,53,Male,Government Employee,43822,Amhara,Bole,No,Yes,Yes,Yes,6,1860,265.71,881,105,3,0
100434,28,Male,Government Employee,52108,Sidama,Hawassa,No,Yes,Yes,No,7,2149,268.62,1900,132,5,0
100435,64,Female,Merchant,140955,Amhara,Bole,Yes,Yes,Yes,Yes,7,4956,619.5,3892,48,3,0
100436,64,Male,Government Employee,19967,Sidama,Hawassa,No,Yes,Yes,No,11,3641,303.42,2791,248,5,0
100437,25,Male,Business Owner,122719,Amhara,CMC,No,Yes,Yes,Yes,7,5873,734.12,3847,273,3,0
100438,59,Male,Private Employee,23871,Oromia,Bole,Yes,Yes,Yes,No,8,8136,904.0,5451,111,2,0
100439,24,Female,Private Employee,176685,Amhara,Adama,No,Yes,Yes,No,5,3430,571.67,2327,326,5,0
100440,26,Male,Doctor,40179,SNNPR,Piassa,No,Yes,Yes,No,4,2108,421.6,1415,336,4,0
100441,65,Female,NGO Employee,67099,Oromia,Megenagna,No,Yes,Yes,Yes,2,1878,626.0,1155,349,2,0
100442,52,Female,Government Employee,47262,Amhara,Piassa,Yes,Yes,Yes,No,5,5330,888.33,5009,38,4,0
100443,50,Male,Merchant,90213,Sidama,Bole,Yes,Yes,Yes,No,5,3870,645.0,2899,357,3,0
100444,67,Male,Teacher,129407,Sidama,Piassa,Yes,Yes,Yes,Yes,6,6138,876.86,4804,240,4,0
100445,55,Male,Government Employee,161340,Dire Dawa,Adama,No,Yes,Yes,Yes,10,10500,954.55,8970,318,2,1
100446,60,Male,Teacher,98269,Sidama,Adama,No,Yes,Yes,No,6,3036,433.71,1098,121,5,0
100447,36,Female,Private Employee,72545,Tigray,Bole,Yes,Yes,Yes,No,3,1851,462.75,486,48,1,0
100448,33,Female,Private Employee,51922,Addis Ababa,CMC,No,Yes,Yes,Yes,8,8752,972.44,4920,10,4,1
100449,62,Male,Student,54913,Sidama,Piassa,No,Yes,Yes,Yes,12,12672,974.77,7420,233,1,1
100450,50,Male,Private Employee,109033,Oromia,CMC,Yes,Yes,Yes,Yes,11,9416,784.67,7738,36,4,0
100451,39,Male,Farmer,116792,Dire Dawa,CMC,No,Yes,No,No,10,9160,832.73,4880,4,4,0
100452,37,Female,Teacher,131863,Sidama,Hawassa,No,Yes,Yes,No,8,5176,575.11,3251,44,5,1
100453,39,Male,Government Employee,168104,Tigray,Mexico,No,Yes,Yes,No,9,9828,982.8,5850,56,3,1
100454,48,Male,Farmer,56936,SNNPR,Bole,No,Yes,Yes,No,11,5863,488.58,1340,42,2,1
100455,46,Female,Student,172866,Oromia,Megenagna,Yes,Yes,Yes,No,5,5000,833.33,3307,255,2,0
100456,57,Female,Government Employee,40141,Tigray,Adama,No,Yes,Yes,Yes,9,3087,308.7,2534,228,2,0
100457,46,Male,Teacher,152146,SNNPR,Adama,No,Yes,Yes,Yes,6,6216,888.0,1977,114,3,0
100458,43,Female,Merchant,149478,Harari,Bole,No,Yes,No,Yes,9,3969,396.9,2562,237,1,0
100459,29,Female,Merchant,109359,Harari,Hawassa,No,Yes,Yes,No,4,3788,757.6,2444,174,2,0
100460,32,Male,Merchant,135279,Oromia,Bahir Dar,No,Yes,Yes,No,10,4750,431.82,1534,255,1,1
100461,21,Male,Private Employee,166363,Amhara,Bahir Dar,No,Yes,Yes,Yes,6,5718,816.86,1673,277,3,0
100462,21,Male,NGO Employee,53568,Addis Ababa,Bahir Dar,No,Yes,No,Yes,9,6732,673.2,6294,335,3,0
100463,67,Male,NGO Employee,109539,Dire Dawa,Hawassa,No,Yes,Yes,No,11,9801,816.75,4854,69,5,1
100464,54,Female,Farmer,58851,Addis Ababa,Megenagna,No,Yes,No,No,8,3048,338.67,1129,326,2,0
100465,52,Female,Doctor,66823,Tigray,Adama,No,Yes,Yes,Yes,8,3472,385.78,1140,230,5,0
100466,68,Male,Merchant,35312,SNNPR,Bole,Yes,Yes,No,No,5,5090,848.33,3566,67,2,0
100467,45,Male,Business Owner,177243,Addis Ababa,Hawassa,Yes,Yes,No,No,4,4620,924.0,3035,304,3,0
100468,60,Male,Farmer,110723,SNNPR,Adama,Yes,Yes,Yes,Yes,5,2380,396.67,1624,36,3,0
100469,65,Male,Merchant,24411,SNNPR,CMC,No,Yes,Yes,No,10,6820,620.0,1814,159,4,1
100470,21,Female,Merchant,69009,Tigray,Piassa,No,Yes,Yes,Yes,10,5420,492.73,4716,149,4,1
100471,36,Male,Doctor,158494,Tigray,Piassa,No,Yes,Yes,No,7,6062,757.75,2982,27,3,0
100472,59,Male,Business Owner,44371,Tigray,Hawassa,No,Yes,Yes,No,2,880,293.33,382,72,3,0
100473,25,Male,Government Employee,69022,Addis Ababa,Adama,No,Yes,Yes,No,4,3024,604.8,1653,248,1,0
100474,42,Female,Government Employee,83229,Harari,Mexico,Yes,Yes,Yes,No,9,6651,665.1,3275,101,1,0
100475,49,Male,Business Owner,111071,Tigray,Megenagna,No,Yes,Yes,Yes,9,3195,319.5,2708,190,5,0
100476,23,Female,Engineer,108774,Dire Dawa,Bahir Dar,No,Yes,No,No,7,5782,722.75,5186,96,4,0
100477,32,Male,Merchant,38715,Addis Ababa,Megenagna,No,Yes,Yes,No,6,5976,853.71,2555,282,4,0
100478,46,Female,Farmer,39605,Tigray,Megenagna,Yes,Yes,Yes,No,7,7875,984.38,6677,322,3,0
100479,36,Female,Business Owner,111853,Sidama,Hawassa,No,Yes,Yes,No,5,3590,598.33,2822,278,3,0
100480,57,Male,Merchant,43174,SNNPR,CMC,No,Yes,No,No,10,3870,351.82,3475,17,5,0
100481,42,Male,Private Employee,153028,Dire Dawa,Megenagna,No,Yes,Yes,No,6,5448,778.29,2093,263,4,0
100482,49,Female,Business Owner,88373,Tigray,Piassa,No,No,Yes,Yes,10,9550,868.18,6042,107,1,1
100483,34,Female,Engineer,81252,Oromia,CMC,No,Yes,Yes,No,6,1842,263.14,747,68,2,0
100484,48,Male,Teacher,82017,SNNPR,Bole,Yes,Yes,Yes,No,3,2328,582.0,1904,128,5,0
100485,25,Male,Business Owner,75037,SNNPR,Megenagna,No,Yes,Yes,No,5,2570,428.33,524,293,2,0
100486,67,Female,Government Employee,101818,Tigray,Megenagna,No,Yes,No,No,12,11808,908.31,7363,294,1,0
100487,69,Male,Government Employee,18548,Harari,Bole,No,Yes,No,Yes,7,7238,904.75,3288,96,1,0
100488,50,Male,Government Employee,128981,Amhara,Megenagna,No,Yes,Yes,Yes,8,6808,756.44,3009,1,2,1
100489,66,Female,Farmer,166249,Harari,Bole,No,Yes,No,No,9,7164,716.4,4897,298,5,0
100490,25,Male,Private Employee,36022,Tigray,CMC,Yes,Yes,Yes,No,10,9930,902.73,8327,180,2,0
100491,32,Male,Merchant,118297,SNNPR,Piassa,No,Yes,Yes,Yes,4,3208,641.6,2107,181,5,0
100492,36,Male,Business Owner,148614,Dire Dawa,Bole,No,Yes,No,No,9,9729,972.9,8171,235,5,0
100493,46,Male,Government Employee,72428,Oromia,Mexico,No,Yes,Yes,Yes,6,5988,855.43,2385,319,3,0
100494,46,Male,Business Owner,165812,Dire Dawa,Hawassa,Yes,Yes,No,No,7,3808,476.0,2245,337,4,0
100495,68,Female,Private Employee,71353,Dire Dawa,Hawassa,No,Yes,Yes,No,10,7770,706.36,4179,8,4,1
100496,41,Male,Business Owner,125132,SNNPR,Bole,No,Yes,Yes,Yes,5,3040,506.67,634,27,1,0
100497,59,Male,Private Employee,28052,Harari,Hawassa,No,Yes,Yes,Yes,6,3180,454.29,1963,308,3,0
100498,56,Male,Teacher,112689,Oromia,Megenagna,No,Yes,Yes,Yes,3,2046,511.5,1424,146,4,0
100499,53,Male,Government Employee,143743,Addis Ababa,Bahir Dar,No,No,Yes,No,6,2724,389.14,1754,91,5,0
100500,50,Female,Student,12163,Sidama,Bahir Dar,No,Yes,No,Yes,3,1422,355.5,1069,342,5,0
